cue,cui,nombre,sector,domicilio,ambito,lat,lon
061637500,608100217,CENTRO DE EDUCACIÓN FÍSICA Nº79,Estatal,ESTACIÓN DE FERROCARRIL   EL SOCORRO,Rural,-33.66181931136882,-60.70497930618136
061648200,608100894,CENTRO EDUCATIVO COMPLEMENTARIO Nº3 DR. JULIO ISIDRO MAIZTEGUI,Estatal,LORENZO MORENO 946  EL SOCORRO,Rural,-33.663301366096384,-60.705405224621764
060811000,608101373,ESCUELA DE EDUCACIÓN PRIMARIA Nº12 CARLOS PELLEGRINI,Estatal,9 E/10 Y MTRO. CONESA 436,Rural,-33.75617409337717,-60.43960458290649
060876600,608100595,ESCUELA DE EDUCACIÓN PRIMARIA Nº14 SENADOR MIGUEL VICTORIANO DÁVILA,Estatal,CAMPO DÁVILA 450,Rural,-33.708359495732275,-60.582123498923124
060753100,608100451,ESCUELA DE EDUCACIÓN PRIMARIA Nº19 JUAN LARREA,Estatal,ASCASUBI 440,Rural,-33.83088781688149,-60.488837511289624
060222700,608101318,ESCUELA DE EDUCACIÓN PRIMARIA Nº20 MARIA MAGDALENA GÜEMES,Estatal,JUAN B. ALBERDI 250,Rural,-33.673074226485454,-60.4021979589268
060753200,608100771,ESCUELA DE EDUCACIÓN PRIMARIA Nº21 REMEDIOS ESCALADA DE SAN MARTÍN,Estatal,RUTA Nº51 KM 36.5   LA VIOLETA,Rural,-33.78810550077487,-60.20003840187123
060875300,608100361,ESCUELA DE EDUCACIÓN PRIMARIA Nº23 REMEDIOS DE ESCALADA DE SAN MARTIN,Estatal,INDEPENDENCIA 53,Rural,-33.994291405046326,-60.732118047521354
060876200,608100792,ESCUELA DE EDUCACIÓN PRIMARIA Nº24 GRAL. MANUEL BELGRANO,Estatal,LORENZO MORENO E/ GODOY Y ECHAGUE 845  EL SOCORRO,Rural,-33.662582404866676,-60.70641017843758
060226600,608100609,ESCUELA DE EDUCACIÓN PRIMARIA Nº26 DOMINGO FAUSTINO SARMIENTO,Estatal,ZONA RURAL   MANANTIALES,Rural,-33.74749676805938,-60.32328413501263
060875600,608100802,ESCUELA DE EDUCACIÓN PRIMARIA Nº27 FRANCISCO URRUTIA,Estatal,NECOCHEA 515  URRUTIA,Rural,-33.832980924635066,-60.766172336941594
060806000,608100818,ESCUELA DE EDUCACIÓN PRIMARIA Nº29 DOMINGO FAUSTINO SARMIENTO,Estatal,CAMINO RURAL E/ACEVEDO Y LA VIOLETA   MANANTIALES GRANDE,Rural,-33.838151417090806,-60.35535881793733
060876400,608100650,ESCUELA DE EDUCACIÓN PRIMARIA Nº3 CORONEL JULIO S.DANTAS,Estatal,PERGAMINO 670,Rural,-33.76501034656092,-60.64992252251521
060876500,608100576,ESCUELA DE EDUCACIÓN PRIMARIA Nº30 GENERAL SAN MARTIN,Estatal,ZONA RURAL,Rural,-33.72821292957196,-60.82841612227394
060805900,608100530,ESCUELA DE EDUCACIÓN PRIMARIA Nº31 SILVERIO F. VAZQUEZ,Estatal,RUTA 32 ACCESO ARROYO DULCE   VILLA SAN JOSE,Rural,-34.094493728117726,-60.41392171817624
060874800,608100582,ESCUELA DE EDUCACIÓN PRIMARIA Nº34 JOSÉ LORENZO MORENO,Estatal,RUTA Nº178 KM 13,Rural,-33.85475045704582,-60.68076508911369
060830200,608100553,ESCUELA DE EDUCACIÓN PRIMARIA Nº35 JAIME SALVADOR MARQUES,Estatal,CAMINO LA VIOLETA Y RUTA 188 - CUARTEL XXI   PARAJE JUAN PUJOL,Rural,-33.67214413390474,-60.29228703860719
060876100,608100825,ESCUELA DE EDUCACIÓN PRIMARIA Nº36 SANTA ROSA DE LIMA,Estatal,RUTA 178 KM. 30,Rural,-33.80126434644767,-60.83848701672609
060753000,608100613,ESCUELA DE EDUCACIÓN PRIMARIA Nº37 REPUBLICA DE ITALIA,Estatal,PARAJE GORNATI   GORNATI,Rural,-33.73955957130642,-60.485069286993294
060280000,608100839,ESCUELA DE EDUCACIÓN PRIMARIA Nº43 ALMIRANTE GUILLERMO BROWN,Estatal,RUTA 8 KM 245/244   CAMPO ROTH,Rural,-33.93143530687261,-60.77457815355833
060834600,608100841,ESCUELA DE EDUCACIÓN PRIMARIA Nº44 MAGDALENA ORTIZ BASUALDO BACÚ,Estatal,"RUTA NACIONAL Nº188 KM. 94,5   LA MAGDALENA",Rural,-34.08227976116336,-60.638556881230684
060252800,608100524,ESCUELA DE EDUCACIÓN PRIMARIA Nº49 SAN FRANCISCO DEL MONTE,Estatal,CAMINO RURAL DEL CARMEN   MAGUIRE,Rural,-33.96419445735756,-60.26257407514939
060756800,608100860,ESCUELA DE EDUCACIÓN PRIMARIA Nº54 TIERRA DEL FUEGO,Estatal,SANTA ANA E/MENENDEZ Y A.GOMEZ 380,Rural,-34.02847005324192,-60.504879821827636
060279100,608100548,ESCUELA DE EDUCACIÓN PRIMARIA Nº56 VICENTE LÓPEZ Y PLANES,Estatal,ZONA RURAL,Rural,-33.83715376073599,-60.55888321193286
060081900,608100873,ESCUELA DE EDUCACIÓN PRIMARIA Nº57 FERMIN ORTIZ BASUALDO,Estatal,RUTA 188 Y CRUCE O.BASUALDO   ORTIZ BASUALDO,Rural,-34.03141138520484,-60.65040791315443
060752900,608101244,ESCUELA DE EDUCACIÓN PRIMARIA Nº59 VIRGEN MARIA AUXILIADORA,Estatal,BASSO   FONTEZUELA,Rural,-33.91247092866762,-60.46511756678697
060279900,608100744,ESCUELA DE EDUCACIÓN PRIMARIA Nº7 PATRICIO KEARNEY,Estatal,ACCESO GASTON CALVELO 124,Rural,-33.914896195911076,-60.83067436468232
060829000,608100414,ESCUELA DE EDUCACIÓN PRIMARIA Nº9 GENERAL BARTOLOME MITRE,Estatal,SARMIENTO 689,Rural,-33.733868070745274,-60.16894813908117
060279000,608100744,ESCUELA DE EDUCACIÓN SECUNDARIA AGRARIA INSTITUTO MARIANO MORENO,Privado,ACCESO G. CALVELLO 124,Rural,-33.914896195911076,-60.83067436468232
060829200,608100632,ESCUELA DE EDUCACIÓN SECUNDARIA Nº1 BERNARDINO RIVADAVIA,Estatal,8 468,Rural,-33.75790388621438,-60.441380333736376
062003101,608100361,ESCUELA DE EDUCACIÓN SECUNDARIA Nº16 - EXTENSIÓN,Estatal,INDEPENDENCIA 53,Rural,-33.994291405046326,-60.732118047521354
060875000,608100650,ESCUELA DE EDUCACIÓN SECUNDARIA Nº3 VICTORIA OCAMPO,Estatal,PERGAMINO 670,Rural,-33.76501034656092,-60.64992252251521
061174501,608100548,ESCUELA DE EDUCACIÓN SECUNDARIA Nº6 - ANEXO Nº1,Estatal,ZONA RURAL,Rural,-33.83715376073599,-60.55888321193286
062208800,608100414,ESCUELA DE EDUCACIÓN SECUNDARIA Nº8 DR. JULIO MAIZTEGUI,Estatal,SARMIENTO 689,Rural,-33.733868070745274,-60.16894813908117
062183700,608101318,ESCUELA DE EDUCACIÓN SECUNDARIA Nº9 JUANA AZURDUY,Estatal,ALBERDI 250,Rural,-33.673074226485454,-60.4021979589268
060805700,608101030,ESCUELA DE LA FAMILIA AGRÍCOLA DR. ERNESTO NAZAR,Privado,CAMINO A LA VIOLETA KM. 4,Rural,-33.78299503943919,-60.42089566375853
060875100,608101048,INSTITUTO COMERCIAL EL SOCORRO,Privado,LORENZO MORENO 845,Rural,-33.66300008879476,-60.70680269080744
061182300,608100860,INSTITUTO COMERCIAL RANCAGUA,Privado,SANTA ANA 380,Rural,-34.02847005324192,-60.504879821827636
061182400,608100759,INSTITUTO JUAN ANCHORENA,Privado,SALTA Y AV. CORDOBA 618,Rural,-33.925412567149095,-60.38091632575468
060181100,608101237,JARDÍN DE INFANTES Nº 919 JUANA BAUTISTA MUSSO,Estatal,CAMINO VECINAL,Rural,-33.91277591827616,-60.465503012011624
060875500,608100286,JARDÍN DE INFANTES Nº903 REMEDIOS DE ESC. DE SAN MARTIN,Estatal,ANGEL GODOY (E/BULRICH Y HUMBERTO 1.) 745,Rural,-33.663397689952724,-60.708473787182925
060830100,608101360,JARDÍN DE INFANTES Nº905 GRAL. SAN MARTIN,Estatal,8 ESQ. 9,Rural,-33.75610093650013,-60.439804260204355
060181200,608100319,JARDÍN DE INFANTES Nº906 MI SUEÑO,Estatal,MENENDEZ (E/ MITRE Y ELIZALDE),Rural,-34.02911236637605,-60.50226852461975
060278900,608100326,JARDÍN DE INFANTES Nº907 GUILLERMO JORGE LOPEZ,Estatal,BV. JOSÉ LEON OCAMPO 114,Rural,-33.764232334216224,-60.64825119743425
060806200,608100342,JARDÍN DE INFANTES Nº909 GABRIELA MISTRAL,Estatal,AV. CORDOBA (ESQ. CATAMARCA Y FORMOSA),Rural,-33.92571773292838,-60.380518758688346
060223000,608101302,JARDÍN DE INFANTES Nº910 CONSTANCIO C. VIGIL,Estatal,ALBERDI 268,Rural,-33.672962653426744,-60.40248707539585
060875400,608100361,JARDÍN DE INFANTES Nº911 JUANA MANSO,Estatal,JUAN JOSÉ PASO 175,Rural,-33.994291405046326,-60.732118047521354
060876300,608100390,JARDÍN DE INFANTES Nº914 SARA CH. DE ECLESTON,Estatal,ACCESO GASCON CALVELO - SECTOR A,Rural,-33.91418721927147,-60.83109665362658
060753300,608100414,JARDÍN DE INFANTES Nº916 NIÑAS DE AYOHUMA,Estatal,YRIGOYEN E/ SARMIENTO Y SAN MARTÍN 276,Rural,-33.733868070745274,-60.16894813908117
060187400,608101259,JARDÍN DE INFANTES Nº920 DR. VICTOR FELIX VILLEGAS,Estatal,LEOPOLDO LUGONES,Rural,-33.83059712128288,-60.488964500562304
062215500,608100613,JARDÍN DE INFANTES RURAL Nº10,Estatal,PARAJE GORNATI,Rural,-33.73955957130642,-60.485069286993294
062145300,608100530,JARDÍN DE INFANTES RURAL Nº2 SILVERO VAZQUEZ,Estatal,RUTA 32 - ACCESO A ARROYO DULCE-   VILLA SAN JOSE,Rural,-34.094493728117726,-60.41392171817624
062161100,608100548,JARDÍN DE INFANTES RURAL Nº3,Estatal,ZONA RURAL,Rural,-33.83715376073599,-60.55888321193286
062161200,608100553,JARDÍN DE INFANTES RURAL Nº4,Estatal,ZONA RURAL,Rural,-33.67214413390474,-60.29228703860719
061548100,608100841,JARDÍN DE INFANTES RURAL Nº5,Estatal,"RUTA 188 KM 94,5",Rural,-34.08227976116336,-60.638556881230684
061548200,608100576,JARDÍN DE INFANTES RURAL Nº6,Estatal,ZONA RURAL,Rural,-33.72821292957196,-60.82841612227394
061716900,608100582,JARDÍN DE INFANTES RURAL Nº7,Estatal,RUTA 178 KM. 13   CAMPO BUENA VISTA - ESC. PRIMARIA Nº34,Rural,-33.85475045704582,-60.68076508911369
061548300,608100595,JARDÍN DE INFANTES RURAL Nº8,Estatal,MIGUEL DÁVILA 450,Rural,-33.708359495732275,-60.582123498923124
062197500,608100609,JARDÍN DE INFANTES RURAL Nº9,Estatal,PEHUAJÓ   MANTIALES CHICO,Rural,-33.74749676805938,-60.32328413501263
060147501,608100049,CENTRO DE ADULTOS Nº703/01,Estatal,BARRANCAS DEL PARANAÁ Y SOLIS,Urbano,-33.90562919819484,-60.59360748875617
060147502,608100054,CENTRO DE ADULTOS Nº704/01,Estatal,M. ZEBALLOS E/COLOMBIA Y ANNAN 941,Urbano,-33.90083370861426,-60.55812375753535
060147503,608100134,CENTRO DE ADULTOS Nº707/01,Estatal,BALBOA 586,Urbano,-33.89523532075762,-60.57515832880607
061179603,608100083,CENTRO DE ADULTOS Nº708,Estatal,VELEZ SARFIELD 450,Urbano,-33.88835069893334,-60.56265701403689
061179601,608101356,CENTRO DE ADULTOS Nº709/02,Estatal,M. SCALABRINI E/ GRANADO Y MAGNANI 1049,Urbano,-33.88331639687316,-60.55951446208808
061179602,608100106,CENTRO DE ADULTOS Nº711/02,Estatal,PASO Y EL SOCORRO (E),Urbano,-33.877588243776955,-60.57187912753755
061637600,608100229,CENTRO DE EDUCACIÓN FÍSICA Nº99 BARRIO OBRERO,Estatal,O`FARRELL 571,Urbano,-33.90106781479119,-60.54823722460902
061514100,608101394,CENTRO DE FORMACIÓN INTEGRAL Nº 1 HÉROES DE MALVINAS,Estatal,AVENIDA PRESIDENTE PERÓN Y MATKINTACH 1560,Urbano,-33.9057655007202,-60.56960142853412
061524700,608101069,CENTRO DE FORMACIÓN PROFESIONAL ARTES Y OFICIOS MONSEÑOR SCALABRINI,Privado,AVDA. CHAMPAGNAT 150,Urbano,-33.87433666874277,-60.55927784922294
062356000,608101122,CENTRO DE FORMACIÓN PROFESIONAL MONTEAGUDO,Privado,PINTO 1195,Urbano,-33.88970407911628,-60.578149056408684
061514400,608101413,CENTRO DE FORMACIÓN PROFESIONAL Nº 401 DR. JULIO MAIZTEGUI,Estatal,BALBOA 504,Urbano,-33.908083841286505,-60.57891861039148
062053800,608101445,CENTRO DE FORMACIÓN PROFESIONAL Nº402,Estatal,ESTRADA 985,Urbano,-33.895850191852546,-60.580303311897815
061648100,608100887,CENTRO EDUCATIVO COMPLEMENTARIO N° 2 HOGAR FELÍZ,Estatal,BARRANCAS DEL PARANÁ 1935,Urbano,-33.90240892544436,-60.59310480739661
061648000,608100175,CENTRO EDUCATIVO COMPLEMENTARIO Nº1 MI CASA,Estatal,GÜIRALDES 2059  BARRIO KENNEDY,Urbano,-33.91456197282305,-60.56262098449877
062378000,608101271,CENTRO EDUCATIVO DE NIVEL SECUNDARIO Nº452,Estatal,MERCED 618,Urbano,-33.894795274135234,-60.574135221806706
062416300,608100943,CENTRO EDUCATIVO DE NIVEL SECUNDARIO Nº454,Estatal,GÜIRALDES E/ YAPEYÚ Y BATALLA DE BAILEN 2049  PARAJE KENNEDY,Urbano,-33.91444993796834,-60.56253027340507
062349000,608101325,CENTRO EDUCATIVO DE NIVEL SECUNDARIO PARA ADULTOS Nº451,Estatal,BALBOA 586,Urbano,-33.90800138908173,-60.57948406355704
062260400,608100238,CENTRO INVESTIGACIÓN EDUCATIVA SILVIA FERRERO REGIS,Estatal,ALSINA 466,Urbano,-33.890235156316784,-60.56935485461394
061098700,608101105,COLEGIO NUESTRA SEÑORA DEL HUERTO,Privado,H. M. CRESCENCIA PEREZ 646,Urbano,-33.8982394768787,-60.57532151810342
062291400,608101076,COLEGIO SAN AGUSTIN,Privado,AV. PTE. PERÒN 1959,Urbano,-33.90952119969841,-60.57195868676166
060532200,608101053,COLEGIO SAN JOSE,Privado,CHAMPAGNAT 1375,Urbano,-33.86684035696546,-60.56731796575618
061179900,608101053,COLEGIO SAN JOSÉ,Privado,JUAN MANUEL DE ROSAS 2511,Urbano,-33.86684035696546,-60.56731796575618
061098800,608101007,COLEGIO SAN PABLO,Privado,GUALBERTO ÁLVAREZ 401,Urbano,-33.920571503823055,-60.58379095591318
061465300,608101007,COLEGIO SAN PABLO PERGAMINO,Privado,G. ÁLVAREZ 401,Urbano,-33.920571503823055,-60.58379095591318
062270800,608101216,COLEGIO SANTA CLARA DE ASIS,Privado,AZCUENAGA 761,Urbano,-33.89746602202416,-60.56853395645576
062484400,608101432,COLEGIO T.E.A.M.S.,Privado,RUTA 188 KILÓMETRO 77,Urbano,-33.931312978561145,-60.59214354538207
060147500,608100110,ESCUELA DE ADULTOS Nº701 JUAN MARTÍN DE PUEYRREDON,Estatal,FLORIDA 1111,Urbano,-33.8949713251441,-60.57988292372198
061179600,608100123,ESCUELA DE ADULTOS Nº702 DR. RENÉ GERÓNIMO FAVALORO,Estatal,AMEGHINO E/ MITRE Y ESPAÑA 131,Urbano,-33.88606542936133,-60.57762901258989
060210400,608101263,ESCUELA DE EDUCACIÓN ESPECIAL Nº503 YAMILE ESPERT,Estatal,B. MITRE 664,Urbano,-33.894745054286126,-60.573906874765456
060147400,608100697,ESCUELA DE EDUCACIÓN PRIMARIA Nº11 JUAN JOSÉ PASO,Estatal,127 Y DIAGONAL 120,Urbano,-33.86430393379702,-60.570257465215
060649000,608100759,ESCUELA DE EDUCACIÓN PRIMARIA Nº15 LUCILA ANCHORENA DE URQUIZA,Estatal,SALTA E/ CORDOBA Y FORMOSA   URQUIZA,Urbano,-33.925412567149095,-60.38091632575468
060446900,608100110,ESCUELA DE EDUCACIÓN PRIMARIA Nº16 GENERAL JOSÉ DE SAN MARTIN,Estatal,FLORIDA E/ RIVADAVIA Y MONTEAGUDO 1111,Urbano,-33.8949713251441,-60.57988292372198
060719700,608100666,ESCUELA DE EDUCACIÓN PRIMARIA Nº18 REPUBLICA ARGENTINA,Estatal,GOLONDRINAS E/ CEIBOS Y CALANDRIAS 2842,Urbano,-33.88445994775318,-60.59451384642939
060803900,608100856,ESCUELA DE EDUCACIÓN PRIMARIA Nº52 GREGORIA SALAS,Estatal,MANSILLA 808,Urbano,-33.89179403503265,-60.53980408479645
060222400,608100737,ESCUELA DE EDUCACIÓN PRIMARIA Nº6 JUAN BAUTISTA ALBERDI,Estatal,AVDA ROCHA (E/ZEBALLOS Y SAN JUAN) 698,Urbano,-33.897554465256,-60.56641799211592
061176900,608101292,ESCUELA DE EDUCACIÓN PRIMARIA Nº63 DR. JOAQUIN V. GONZALEZ,Estatal,AVENIDA COLON 725,Urbano,-33.89291674886936,-60.58188018915716
061379900,608100106,ESCUELA DE EDUCACIÓN PRIMARIA Nº64 DR. PEDRO P. ZINI,Estatal,PASO Y EL SOCORRO 1288,Urbano,-33.877588243776955,-60.57187912753755
061179800,608101356,ESCUELA DE EDUCACIÓN PRIMARIA Nº8 GENERAL TORIBIO DE LUZURIAGA,Estatal,MON. SCALABRINI E/GRANADOS Y MAGNANI 1049,Urbano,-33.88331639687316,-60.55951446208808
060222900,608100621,ESCUELA DE EDUCACIÓN SECUNDARIA AGRARIA Nº1 INGENIERO LORENZO R. PARODI,Estatal,INT. RUTAS 188 Y 178,Urbano,-33.927068647381695,-60.571853710087694
062440100,608101356,ESCUELA DE EDUCACIÓN SECUNDARIA N°20,Estatal,MONSEÑOR SCALABRINI 1049,Urbano,-33.88331639687316,-60.55951446208808
061979700,608100697,ESCUELA DE EDUCACIÓN SECUNDARIA Nº 17 DR. RENÉ FAVALORO,Estatal,JULIO DI GANGI 1650,Urbano,-33.86430393379702,-60.570257465215
061871900,608100700,ESCUELA DE EDUCACIÓN SECUNDARIA Nº 19 RODOLFO WALSH,Estatal,FLORIDA (E/25 DE MAYO Y DOCTOR ALEM) 425,Urbano,-33.89797848316281,-60.57230593938819
061872000,608100065,ESCUELA DE EDUCACIÓN SECUNDARIA Nº10,Estatal,ESTANISLAO DEL CAMPO 1542,Urbano,-33.90965916386099,-60.55429145735677
061872100,608100666,ESCUELA DE EDUCACIÓN SECUNDARIA Nº11,Estatal,GOLONDRINAS E/ CEIBOS Y CALANDRIAS 2842,Urbano,-33.88445994775318,-60.59451384642939
062047300,608100106,ESCUELA DE EDUCACIÓN SECUNDARIA Nº12,Estatal,PASO E/ JOHN Y EL SOCORRO 1288,Urbano,-33.877588243776955,-60.57187912753755
061979900,608100678,ESCUELA DE EDUCACIÓN SECUNDARIA Nº13,Estatal,AVDA. ANTONIO RIVERO Y S. ELCANO,Urbano,-33.920766363197316,-60.593883881969624
061872300,608101339,ESCUELA DE EDUCACIÓN SECUNDARIA Nº14 ATAHUALPA YUPANQUI,Estatal,MAGALLANES 587,Urbano,-33.908471093751054,-60.579381185241786
061722600,608100684,ESCUELA DE EDUCACIÓN SECUNDARIA Nº15 MARÍA EVA DUARTE,Estatal,ESPAÑA E/ SIRIA Y SARMIENTO 649 P.,Urbano,-33.887658781277146,-60.56990496222309
061980000,608100054,ESCUELA DE EDUCACIÓN SECUNDARIA Nº18,Estatal,COLOMBIA 760,Urbano,-33.90083370861426,-60.55812375753535
060825000,608100645,ESCUELA DE EDUCACIÓN SECUNDARIA Nº2 MARTÍN MIGUEL DE GÜEMES,Estatal,SCALABRINI ORTIZ 658,Urbano,-33.90173478020881,-60.54835453942362
060790000,608101271,ESCUELA DE EDUCACIÓN SECUNDARIA Nº4 MARIANO MORENO,Estatal,MERCED 618,Urbano,-33.894795274135234,-60.574135221806706
061175500,608100168,ESCUELA DE EDUCACIÓN SECUNDARIA Nº5 ALMIRANTE GUILLERMO BROWN,Estatal,ESTRADA 1225,Urbano,-33.89808017835969,-60.5807519614801
061174500,608100168,ESCUELA DE EDUCACIÓN SECUNDARIA Nº6 ESTEBAN ECHEVERRIA,Estatal,ESTRADA 6,Urbano,-33.89808017835969,-60.5807519614801
061176800,608101292,ESCUELA DE EDUCACIÓN SECUNDARIA Nº7 DR. J.V. GONZALEZ,Estatal,AVENIDA COLON 725,Urbano,-33.89291674886936,-60.58188018915716
061081000,608100728,ESCUELA DE EDUCACIÓN SECUNDARIA TÉCNICA Nº2,Estatal,FLORIDA 545,Urbano,-33.89751426104671,-60.57365718006477
061514300,608100201,ESCUELA DE EDUCACIÓN TEMPRANA Nº 1 MARÍA ELENA WALSH ,Estatal,LINIERS E/ ITALIA Y MONTEAGUDO 950,Urbano,-33.91114235533222,-60.58503057589333
061616000,608101167,ESCUELA ESPECIAL LOS BUENOS HIJOS,Privado,MARCELINO UGARTE 427,Urbano,-33.893394442874325,-60.56003715901969
060803600,608101179,ESCUELA HOGAR DE JESUS,Privado,HIPOLITO IRIGOYEN E/ ROCHA Y LORENZO MORENO 29,Urbano,-33.89577187600064,-60.56538339121869
061585000,608101179,ESCUELA HOGAR DE JESUS,Privado,ROCHA 480,Urbano,-33.89577187600064,-60.56538339121869
060147300,608101133,INSTITUTO DE CAPACITACION Y DESARROLLO,Privado,ITALIA 151,Urbano,-33.88962995036706,-60.57486006665106
061465400,608101133,INSTITUTO DE CAPACITACION Y DESARROLLO,Privado,ITALIA 151,Urbano,-33.88962995036706,-60.57486006665106
060825100,608100240,INSTITUTO DE FORMACIÓN DOCENTE Y TÉCNICA Nº5 REGIÓN DE LA NORPAMPA,Estatal,SCALABRINI ORTIZ (E/MOSCONI Y LEBENSOHN) 472,Urbano,-33.9002969464713,-60.54831904744283
060804700,608101292,INSTITUTO SUPERIOR DE FORMACION DOC. Y TECN. Nº122 PTE. A. ILLIA,Estatal,AVDA. COLON 725,Urbano,-33.89291674886936,-60.58188018915716
061630700,608101069,JARDÍN DE INFANTES MADRE DE LA DIVINA PROVIDENCIA,Privado,MARCELINO CHAMPAGNAT 250,Urbano,-33.87433666874277,-60.55927784922294
060446800,608101105,JARDÍN DE INFANTES NUETRA SEÑORA DEL HUERTO,Privado,SAN NICOLAS 1029,Urbano,-33.8982394768787,-60.57532151810342
060532100,608101341,JARDÍN DE INFANTES N°921 BOMBERO FERNANDO TOMÁS ESQUIVEL,Estatal,M. SCALABRINI E/ GRANADOS Y MAGNANI 1079,Urbano,-33.88312644921522,-60.559495943197874
061335600,608100467,JARDÍN DE INFANTES Nº 923 DOCTOR TOMÁS RAMELLA,Estatal,MATHEU 1201  BARRIO SAN JOSÉ,Urbano,-33.87743819571243,-60.572327745112425
061080700,608100264,JARDÍN DE INFANTES Nº901 MARIA MONTESSORI,Estatal,FLORIDA (E/ SAN NICOLAS Y 25 DE MAYO) 519,Urbano,-33.89768184742474,-60.573322131814265
060532000,608100272,JARDÍN DE INFANTES Nº902 MARIANO MORENO,Estatal,SIRIA Y RAMON RAIMUNDO 588,Urbano,-33.884687547946506,-60.569265705866364
060804000,608100335,JARDÍN DE INFANTES Nº908 FEDERICO FROEBEL,Estatal,VENEZUELA 141,Urbano,-33.89689180553295,-60.555797968251994
061175400,608100388,JARDÍN DE INFANTES Nº913 ROSANA CURA,Estatal,SAN NICOLAS E/MONROE Y LAVALLE 1864,Urbano,-33.906314976186415,-60.578709361931956
061175300,608100405,JARDÍN DE INFANTES Nº915 VIRGEN DE LUJAN,Estatal,AVENIDA JAUREGUI Y SANTA ROSA,Urbano,-33.8861260652028,-60.591850706708556
060804200,608100422,JARDÍN DE INFANTES Nº917,Estatal,SCHUMACHER (E/GONZALEZ Y E. DEL CAMPO) 1418,Urbano,-33.90945197700943,-60.5546555969482
060147800,608100433,JARDÍN DE INFANTES Nº918 SANTA TERESITA DEL NIÑO JESUS,Estatal,120 Y 101   BARRIO OTERO,Urbano,-33.86477550686352,-60.57011516930439
060222600,608101285,JARDÍN DE INFANTES Nº922 DR. J. V. GONZALEZ,Estatal,SAN MARTÍN 1387,Urbano,-33.89317926764489,-60.582225537968114
062048000,608100480,JARDÍN DE INFANTES Nº925 DR. PEDRO AGUILAR ORTIZ,Estatal,ASCASUBI 86,Urbano,-33.8889259384853,-60.538200707696404
062233100,608100175,JARDÍN DE INFANTES Nº926,Estatal,RICARDO GÜIRALDES 2059  BARRIO KENNEDY,Urbano,-33.91456197282305,-60.56262098449877
062234300,608100498,JARDÍN DE INFANTES Nº927,Estatal,ALMAFUERTE E/ BARBAZAN Y CIRC.MUNICIP. 1370  BARRIO TRINCAVELLI,Urbano,-33.87427844085075,-60.57957843183556
062151600,608100524,JARDÍN DE INFANTES RURAL Nº1,Estatal,CAMINO RURAL DEL CARMEN    MAGUIRE - ESC. PRIMARIA Nº49,Urbano,-33.96419445735756,-60.26257407514939
060719000,608101151,JARDÍN DE INFANTES SAN ANTONIO DE PADUA,Privado,LAGOS E/ ALEN Y LUZURIAGA 441,Urbano,-33.89110183202265,-60.56956293329798
061699400,608100970,JARDÍN DE INFANTES SAN GABRIEL,Privado,AV. DE MAYO 1624,Urbano,-33.88968544547729,-60.5834061762055
060210100,608101053,JARDÍN DE INFANTES SAN JOSE,Privado,JUAN MANUEL DE ROSAS 2597,Urbano,-33.86684035696546,-60.56731796575618
061702100,608101007,JARDÍN DE INFANTES SAN PABLO,Privado,GUALBERTO ÁLVAREZ 401,Urbano,-33.920571503823055,-60.58379095591318
060719100,608101095,JARDÍN DE INFANTES SAN VICENTE DE PAUL,Privado,FRANCIA 952,Urbano,-33.89443092851485,-60.58261448334053
062484300,608101432,JARDÍN DE INFANTES T.E.A.M.S.,Privado,RUTA 188 KILÓMETRO 77,Urbano,-33.931312978561145,-60.59214354538207
062344600,608100904,JARDÍN MATERNAL ASÍ CRECEMOS,Privado,JOSÉ MANUEL ESTRADA 128,Urbano,-33.88928239915545,-60.57538435510312
062304200,608100511,JARDÍN MATERNAL Nº1 SEMILLITAS,Estatal,"RUTA 32 KM 4,5",Urbano,-33.93999711850628,-60.5645607925225
062296700,608101146,LA CASITA DE MELINA,Privado,PINTO 455,Urbano,-33.892193452951695,-60.57015563572256
062099800,608101069,MONSEÑOR SCALABRINI,Privado,CHAMPAGNAT 251,Urbano,-33.87433666874277,-60.55927784922294
062109800,608100989,SANTA JULIA,Privado,JUAN BELCUORE 2964,Urbano,-33.91246819238884,-60.596461412699945
062344500,608101200,VIRGEN DEL ROSARIO,Privado,BARTOLOMÉ MITRE 202,Urbano,-33.896080445305664,-60.569241517522855
